slug,site-address,name,geography,url
/brownfield-land/local-authority-eng/BBD/3,"Site off Shorrock Lane, Blackburn",3,3,https://digital-land.github.io/brownfield-land/local-authority-eng/BBD/3
/brownfield-land/local-authority-eng/BBD/9,"Old Newfield School Site, Roman Road, Blackburn",9,9,https://digital-land.github.io/brownfield-land/local-authority-eng/BBD/9
,,,,
/brownfield-land/local-authority-eng/BDF/16-02280-MAF,"2 Dane Street, Bedford",16/02280/MAF,16/02280/MAF,https://digital-land.github.io/brownfield-land/local-authority-eng/BDF/16-02280-MAF
/brownfield-land/local-authority-eng/BDF/17-02280-MAF,"9 Church Arcade and 2 Dane Street, Bedford",17/02280/MAF,17/02280/MAF,https://digital-land.github.io/brownfield-land/local-authority-eng/BDF/17-02280-MAF
/brownfield-land/local-authority-eng/BDF/20-00731-FUL,"9 Church Arcade and 2 Dane Street, Bedford",20/00731/FUL,20/00731/FUL,https://digital-land.github.io/brownfield-land/local-authority-eng/BDF/20-00731-FUL
,,,,
/brownfield-land/local-authority-eng/BDF/17-01533-FUL,"6 Lansdowne Road, Bedford",17/01533/FUL,17/01533/FUL,https://digital-land.github.io/brownfield-land/local-authority-eng/BDF/17-01533-FUL
/brownfield-land/local-authority-eng/BDF/17-02607-FUL,"4 Lansdowne Road, Bedford",17/02607/FUL,17/02607/FUL,https://digital-land.github.io/brownfield-land/local-authority-eng/BDF/17-02607-FUL
,,,,
/brownfield-land/local-authority-eng/BDF/17-01600-MAF,"Palace Chambers, Silver Street, Bedford",17/01600/MAF,17/01600/MAF,https://digital-land.github.io/brownfield-land/local-authority-eng/BDF/17-01600-MAF
/brownfield-land/local-authority-eng/BDF/19-00611-FUL,"60 High Street, Bedford",19/00611/FUL,19/00611/FUL,https://digital-land.github.io/brownfield-land/local-authority-eng/BDF/19-00611-FUL
,,,,
/brownfield-land/local-authority-eng/BIR/N9,"Wellington Road, Aston, Handsworth Wood",N9,N9,https://digital-land.github.io/brownfield-land/local-authority-eng/BIR/N9
/brownfield-land/local-authority-eng/BIR/N9B,"Land off Lea Hill Road, Handsworth Wood",N9B,N9B,https://digital-land.github.io/brownfield-land/local-authority-eng/BIR/N9B
,,,,
/brownfield-land/local-authority-eng/BIR/S962,"27 Fountain Road, North Edgbaston",S962,S962,https://digital-land.github.io/brownfield-land/local-authority-eng/BIR/S962
/brownfield-land/local-authority-eng/BIR/S963,"29 Fountain Road, North Edgbaston",S963,S963,https://digital-land.github.io/brownfield-land/local-authority-eng/BIR/S963
,,,,
/brownfield-land/local-authority-eng/BMH/B-BLR-0088,Eden Glen,B/BLR/0088,B/BLR/0088,https://digital-land.github.io/brownfield-land/local-authority-eng/BMH/B-BLR-0088
/brownfield-land/local-authority-eng/BPC/B-BLR-0025,"Sandringham Mansions, 21-31 and 39-51 Exeter Road",B/BLR/0025,B/BLR/0025,https://digital-land.github.io/brownfield-land/local-authority-eng/BPC/B-BLR-0025
/brownfield-land/local-authority-eng/BPC/B-BLR-0088, Eden Glen,B/BLR/0088,B/BLR/0088,https://digital-land.github.io/brownfield-land/local-authority-eng/BPC/B-BLR-0088
,,,,
/brownfield-land/local-authority-eng/BPC/B-BLR-0044,"Rowland House, Hinton Road ",B/BLR/0044,B/BLR/0044,https://digital-land.github.io/brownfield-land/local-authority-eng/BPC/B-BLR-0044
/brownfield-land/local-authority-eng/BPC/B-BLR-0125,21 Hinton Road,B/BLR/0125,B/BLR/0125,https://digital-land.github.io/brownfield-land/local-authority-eng/BPC/B-BLR-0125
,,,,
/brownfield-land/local-authority-eng/BRA/20-01118-COUPA,"Unit 1, The Mazes, East Street, Braintree",20/01118/COUPA,20/01118/COUPA,https://digital-land.github.io/brownfield-land/local-authority-eng/BRA/20-01118-COUPA
/brownfield-land/local-authority-eng/BRA/20-01123-COUPA,"Unit 3, The Mazes, East Street, Braintree",20/01123/COUPA,20/01123/COUPA,https://digital-land.github.io/brownfield-land/local-authority-eng/BRA/20-01123-COUPA
,,,,
/brownfield-land/local-authority-eng/BRD/BU-011,"Greenholme Mills, Great Pasture Lane, Burley in Wharfedale",BU/011,BU/011,https://digital-land.github.io/brownfield-land/local-authority-eng/BRD/BU-011
/brownfield-land/local-authority-eng/BRD/BU-016,"Burley House, Main Street, Burley in Wharfedale",BU/016,BU/016,https://digital-land.github.io/brownfield-land/local-authority-eng/BRD/BU-016
,,,,
/brownfield-land/local-authority-eng/BRD/KY-095,"Woodville Road, Spring Gardens Lane, Keighley",KY/095,KY/095,https://digital-land.github.io/brownfield-land/local-authority-eng/BRD/KY-095
/brownfield-land/local-authority-eng/BRD/KY-104,"Oxford Sreet, Keighley",KY/104,KY/104,https://digital-land.github.io/brownfield-land/local-authority-eng/BRD/KY-104
,,,,
/brownfield-land/local-authority-eng/BRD/SH-042,"Queens Road/Ferncliffe Road, Saltaire",SH/042,SH/042,https://digital-land.github.io/brownfield-land/local-authority-eng/BRD/SH-042
/brownfield-land/local-authority-eng/BRD/SH-049,"Saltaire Road, Saltaire",SH/049,SH/049,https://digital-land.github.io/brownfield-land/local-authority-eng/BRD/SH-049
,,,,
/brownfield-land/local-authority-eng/BRW/001B,"Land north of Highwood Close including St georges Court, Brentwood CM14 4YF",001B,001B,https://digital-land.github.io/brownfield-land/local-authority-eng/BRW/001B
/brownfield-land/local-authority-eng/BRW/15-00760-PNCOU,125 - 127 High Street Brentwood Essex CM14 4RX,15/00760/PNCOU,15/00760/PNCOU,https://digital-land.github.io/brownfield-land/local-authority-eng/BRW/15-00760-PNCOU
/brownfield-land/local-authority-eng/BRW/16-00183-FUL,Eclipse Ongar Road Brentwood Essex CM15 9AU ,16/00183/FUL,16/00183/FUL,https://digital-land.github.io/brownfield-land/local-authority-eng/BRW/16-00183-FUL
/brownfield-land/local-authority-eng/BRW/16-01634-PNCOU,Leigh House Weald Road Brentwood Essex CM14 4SX,16/01634/PNCOU,16/01634/PNCOU,https://digital-land.github.io/brownfield-land/local-authority-eng/BRW/16-01634-PNCOU
,,,,
/brownfield-land/local-authority-eng/BRW/010,"Sow & Grow Nursery, Ongar Road, Pilgrims Hatch",010,010,https://digital-land.github.io/brownfield-land/local-authority-eng/BRW/010
/brownfield-land/local-authority-eng/BRW/020--HELAA170959-,"West Hordon industrial Estate, CM13 3XL",020 (HELAA170959),020 (HELAA170959),https://digital-land.github.io/brownfield-land/local-authority-eng/BRW/020--HELAA170959-
/brownfield-land/local-authority-eng/BRW/021,"Horndon Industrial Estate, Station Road, West Horndon",021,021,https://digital-land.github.io/brownfield-land/local-authority-eng/BRW/021
/brownfield-land/local-authority-eng/BRW/13-01097-FUL,"Chain Bridge Farm, Roman Rd, Mountessing",13/01097/FUL,13/01097/FUL,https://digital-land.github.io/brownfield-land/local-authority-eng/BRW/13-01097-FUL
/brownfield-land/local-authority-eng/BRW/14-01247-FUL,Former Elliots Nightclub and Petrol Station West Horndon CM13 3TB,14/01247/FUL,14/01247/FUL,https://digital-land.github.io/brownfield-land/local-authority-eng/BRW/14-01247-FUL
/brownfield-land/local-authority-eng/BRW/14-01446-FUL,Former Mountnessing Scrap Yard Roman Road Mountnessing,14/01446/FUL,14/01446/FUL,https://digital-land.github.io/brownfield-land/local-authority-eng/BRW/14-01446-FUL
/brownfield-land/local-authority-eng/BRW/15-00956-FUL,309 - 311 Roman Road Mountnessing Essex,15/00956/FUL,15/00956/FUL,https://digital-land.github.io/brownfield-land/local-authority-eng/BRW/15-00956-FUL
/brownfield-land/local-authority-eng/BRW/16-00322-FUL,"Long Meadow, Mill Green Rd, Fryerning",16/00322/FUL,16/00322/FUL,https://digital-land.github.io/brownfield-land/local-authority-eng/BRW/16-00322-FUL
/brownfield-land/local-authority-eng/BRW/16-01437-FUL,Oakwood Ongar Road Pilgrims Hatch,16/01437/FUL,16/01437/FUL,https://digital-land.github.io/brownfield-land/local-authority-eng/BRW/16-01437-FUL
/brownfield-land/local-authority-eng/BRW/17-01815-OUT,"Ingatestone Garden Centre, Roman Road, Ingatestone, Essex, CM4 9AU",17/01815/OUT,17/01815/OUT,https://digital-land.github.io/brownfield-land/local-authority-eng/BRW/17-01815-OUT
/brownfield-land/local-authority-eng/BRW/189--HELAA171603-,"Former Catrina Nursery, Ongar Road, CM15 9SA",189 (HELAA171603),189 (HELAA171603),https://digital-land.github.io/brownfield-land/local-authority-eng/BRW/189--HELAA171603-
/brownfield-land/local-authority-eng/BRW/230--HELAA172627-,"Fairwinds, Magpie Lane Little Warley, CM13 3DT",230 (HELAA172627),230 (HELAA172627),https://digital-land.github.io/brownfield-land/local-authority-eng/BRW/230--HELAA172627-
/brownfield-land/local-authority-eng/BRW/237--HELAA170634-,"Chainbridge Farm, Roman Rd, Mountessing, CM15 8SG",237 (HELAA170634),237 (HELAA170634),https://digital-land.github.io/brownfield-land/local-authority-eng/BRW/237--HELAA170634-
/brownfield-land/local-authority-eng/BRW/284--HELAA172398-,"Land adjacent to 7 Hanging Hill Lane, CM13 2HY",284 (HELAA172398),284 (HELAA172398),https://digital-land.github.io/brownfield-land/local-authority-eng/BRW/284--HELAA172398-
/brownfield-land/local-authority-eng/BRW/292--HELAA168257-,"Suffolk House Yard, Ashwells Road, PIlgrims Hatch, CM15 9SG",292 (HELAA168257),292 (HELAA168257),https://digital-land.github.io/brownfield-land/local-authority-eng/BRW/292--HELAA168257-
/brownfield-land/local-authority-eng/BRW/308--HELAA171699-,"Lingwood and linked parcel of land,Ashwell, CM15 9SE",308 (HELAA171699),308 (HELAA171699),https://digital-land.github.io/brownfield-land/local-authority-eng/BRW/308--HELAA171699-
,,,,
/brownfield-land/local-authority-eng/BRX/BR32,"Brewery Road, Hoddesdon, EN11 8HF, The Old Maltings",BR32,BR32,https://digital-land.github.io/brownfield-land/local-authority-eng/BRX/BR32
/brownfield-land/local-authority-eng/BRX/BR33,"Rye Road, Hoddesdon, EN11 0LH, Former Youth Centre",BR33,BR33,https://digital-land.github.io/brownfield-land/local-authority-eng/BRX/BR33
,,,,
/brownfield-land/local-authority-eng/BRX/BR36,"33-35 Eleanor Cross Road, Waltham Cross, EN8 7LF, Eleanor House",BR36,BR36,https://digital-land.github.io/brownfield-land/local-authority-eng/BRX/BR36
/brownfield-land/local-authority-eng/BRX/BR42,"High Street, Waltham Cross, EN8 7TU, Bartholomew Court",BR42,BR42,https://digital-land.github.io/brownfield-land/local-authority-eng/BRX/BR42
,,,,
/brownfield-land/local-authority-eng/BST/14-03133-F,Plot ND7 Temple Quay North Avon Street Bristol BS2 0PS,14/03133/F,14/03133/F,https://digital-land.github.io/brownfield-land/local-authority-eng/BST/14-03133-F
/brownfield-land/local-authority-eng/BST/16-04561-F,Linear Park Avon Street Bristol,16/04561/F,16/04561/F,https://digital-land.github.io/brownfield-land/local-authority-eng/BST/16-04561-F
,,,,
/brownfield-land/local-authority-eng/BST/14-05325-COU,Merchants House 26-28 Regent Street & 17-18 Merchants Road Bristol BS8 4HG,14/05325/COU,14/05325/COU,https://digital-land.github.io/brownfield-land/local-authority-eng/BST/14-05325-COU
/brownfield-land/local-authority-eng/BST/17-02254-COU,Merchants House 26-28 Regent Street Bristol BS8 4HG,17/02254/COU,17/02254/COU,https://digital-land.github.io/brownfield-land/local-authority-eng/BST/17-02254-COU
/brownfield-land/local-authority-eng/BST/18-06552-COU,Merchants House 26 - 28 Regent Street Bristol BS8 4HG,18/06552/COU,18/06552/COU,https://digital-land.github.io/brownfield-land/local-authority-eng/BST/18-06552-COU
,,,,
/brownfield-land/local-authority-eng/BST/15-04448-F,7 - 9 Frome Valley Road Bristol BS16 1HD,15/04448/F,15/04448/F,https://digital-land.github.io/brownfield-land/local-authority-eng/BST/15-04448-F
/brownfield-land/local-authority-eng/BST/16-06984-F,7 Frome Valley Road Bristol BS16 1HD,16/06984/F,16/06984/F,https://digital-land.github.io/brownfield-land/local-authority-eng/BST/16-06984-F
,,,,
/brownfield-land/local-authority-eng/BST/15-05097-COU,Storage Building And Land At Raleigh Road Raleigh Road Bristol,15/05097/COU,15/05097/COU,https://digital-land.github.io/brownfield-land/local-authority-eng/BST/15-05097-COU
/brownfield-land/local-authority-eng/BST/16-00013-F,127 - 131 Raleigh Road Bristol BS3 1QU,16/00013/F,16/00013/F,https://digital-land.github.io/brownfield-land/local-authority-eng/BST/16-00013-F
/brownfield-land/local-authority-eng/BST/18-03496-F,125 - 131 Raleigh Road Bristol BS3 1QU (between 125 and 127),18/03496/F,18/03496/F,https://digital-land.github.io/brownfield-land/local-authority-eng/BST/18-03496-F
,,,,
/brownfield-land/local-authority-eng/BST/15-05105-F,17 Portland Square Bristol BS2 8SJ,15/05105/F,15/05105/F,https://digital-land.github.io/brownfield-land/local-authority-eng/BST/15-05105-F
/brownfield-land/local-authority-eng/BST/19-02016-F,16 Portland Square Bristol BS2 8SJ,19/02016/F,19/02016/F,https://digital-land.github.io/brownfield-land/local-authority-eng/BST/19-02016-F
,,,,
/brownfield-land/local-authority-eng/BST/16-02048-F,14 Charlotte Street City Centre Bristol BS1 5PP,16/02048/F,16/02048/F,https://digital-land.github.io/brownfield-land/local-authority-eng/BST/16-02048-F
/brownfield-land/local-authority-eng/BST/16-02109-F,15 Charlotte Street City Centre Bristol BS1 5PP,16/02109/F,16/02109/F,https://digital-land.github.io/brownfield-land/local-authority-eng/BST/16-02109-F
,,,,
/brownfield-land/local-authority-eng/BST/16-05227-COU,"New Bond House, Building B St Paul Street Bristol BS2 9AG",16/05227/COU,16/05227/COU,https://digital-land.github.io/brownfield-land/local-authority-eng/BST/16-05227-COU
/brownfield-land/local-authority-eng/BST/17-03776-COU,Century Place St Paul Street Bristol BS2 8AN,17/03776/COU,17/03776/COU,https://digital-land.github.io/brownfield-land/local-authority-eng/BST/17-03776-COU
,,,,
/brownfield-land/local-authority-eng/BST/16-05329-F,Former Gas Works (West Purifer House) Lime Kiln Road Bristol BS1 6UN,16/05329/F,16/05329/F,https://digital-land.github.io/brownfield-land/local-authority-eng/BST/16-05329-F
/brownfield-land/local-authority-eng/BST/SA103,"Purifier House West, Anchor Road",SA103,SA103,https://digital-land.github.io/brownfield-land/local-authority-eng/BST/SA103
,,,,
/brownfield-land/local-authority-eng/BST/17-05252-F,50 Park Street City Centre Bristol BS1 5JN,17/05252/F,17/05252/F,https://digital-land.github.io/brownfield-land/local-authority-eng/BST/17-05252-F
/brownfield-land/local-authority-eng/BST/17-05415-F,48 Park Street City Centre Bristol BS1 5JG,17/05415/F,17/05415/F,https://digital-land.github.io/brownfield-land/local-authority-eng/BST/17-05415-F
,,,,
/brownfield-land/local-authority-eng/BST/17-05290-F,31 - 32 Portland Square And Surrey Street (warehouse) Bristol BS2 8PS,17/05290/F,17/05290/F,https://digital-land.github.io/brownfield-land/local-authority-eng/BST/17-05290-F
/brownfield-land/local-authority-eng/BST/19-01892-F,Nos. 31-32 Portland Square And Surrey Street Warehouse Surrey Street Bristol BS2 8PS,19/01892/F,19/01892/F,https://digital-land.github.io/brownfield-land/local-authority-eng/BST/19-01892-F
/brownfield-land/local-authority-eng/BST/SA503,Land at Surrey Street / Portland Square (Sandhu's Warehouse),SA503,SA503,https://digital-land.github.io/brownfield-land/local-authority-eng/BST/SA503
,,,,
/brownfield-land/local-authority-eng/CAN/C422,"Blocks A-D, Beecroft Court, Beecroft Road, Cannock",C422,C422,https://digital-land.github.io/brownfield-land/local-authority-eng/CAN/C422
/brownfield-land/local-authority-eng/CAN/C422--b-,"Blocks C-D Beecroft Court, Beecroft Road, Cannock",C422 (b),C422 (b),https://digital-land.github.io/brownfield-land/local-authority-eng/CAN/C422--b-
,,,,
/brownfield-land/local-authority-eng/CHL/16-01565-FUL,Site at 190 Moulsham Street Chelmsford,16/01565/FUL,16/01565/FUL,https://digital-land.github.io/brownfield-land/local-authority-eng/CHL/16-01565-FUL
/brownfield-land/local-authority-eng/CHL/19-01553-FUL,189 Moulsham Street Chelmsford,19/01553/FUL,19/01553/FUL,https://digital-land.github.io/brownfield-land/local-authority-eng/CHL/19-01553-FUL
,,,,
/brownfield-land/local-authority-eng/CHL/16-02272-FUL,Templeton House Templeton Park Bakers Lane West Hanningfield,16/02272/FUL,16/02272/FUL,https://digital-land.github.io/brownfield-land/local-authority-eng/CHL/16-02272-FUL
/brownfield-land/local-authority-eng/CHL/20-00879-FUL,,20/00879/FUL,20/00879/FUL,https://digital-land.github.io/brownfield-land/local-authority-eng/CHL/20-00879-FUL
,,,,
/brownfield-land/local-authority-eng/CHL/17-00240-FUL,Boreham Village Store Main Road Boreham,17/00240/FUL,17/00240/FUL,https://digital-land.github.io/brownfield-land/local-authority-eng/CHL/17-00240-FUL
/brownfield-land/local-authority-eng/CHL/20-00992-FUL,,20/00992/FUL,20/00992/FUL,https://digital-land.github.io/brownfield-land/local-authority-eng/CHL/20-00992-FUL
,,,,
/brownfield-land/local-authority-eng/CHL/17-00736-FUL,Brock Farm Ingatestone Road Stock Ingatestone,17/00736/FUL,17/00736/FUL,https://digital-land.github.io/brownfield-land/local-authority-eng/CHL/17-00736-FUL
/brownfield-land/local-authority-eng/CHL/20-01564-FUL,,20/01564/FUL,20/01564/FUL,https://digital-land.github.io/brownfield-land/local-authority-eng/CHL/20-01564-FUL
,,,,
/brownfield-land/local-authority-eng/CHL/17-01049-FUL,Buildings rear of Oxney Grove Ongar Road West Writtle,17/01049/FUL,17/01049/FUL,https://digital-land.github.io/brownfield-land/local-authority-eng/CHL/17-01049-FUL
/brownfield-land/local-authority-eng/CHL/20-01244-FUL,,20/01244/FUL,20/01244/FUL,https://digital-land.github.io/brownfield-land/local-authority-eng/CHL/20-01244-FUL
,,,,
/brownfield-land/local-authority-eng/CHL/18-01032-FUL,Site at 27 St Johns Road Chelmsford,18/01032/FUL,18/01032/FUL,https://digital-land.github.io/brownfield-land/local-authority-eng/CHL/18-01032-FUL
/brownfield-land/local-authority-eng/CHL/18-01949-FUL,Site at 25 St Johns Road Chelmsford,18/01949/FUL,18/01949/FUL,https://digital-land.github.io/brownfield-land/local-authority-eng/CHL/18-01949-FUL
,,,,
/brownfield-land/local-authority-eng/CHL/18-01423-FUL,"Land at Nightingale Lodge, Brock Hill South Hanningfield",18/01423/FUL,18/01423/FUL,https://digital-land.github.io/brownfield-land/local-authority-eng/CHL/18-01423-FUL
/brownfield-land/local-authority-eng/CHL/20-00919-FUL,,20/00919/FUL,20/00919/FUL,https://digital-land.github.io/brownfield-land/local-authority-eng/CHL/20-00919-FUL
,,,,
/brownfield-land/local-authority-eng/CHL/18-01584-FUL,Site at Handley Green Lane Margaretting Ingatestone,18/01584/FUL,18/01584/FUL,https://digital-land.github.io/brownfield-land/local-authority-eng/CHL/18-01584-FUL
/brownfield-land/local-authority-eng/CHL/21-00151-FUL,,21/00151/FUL,21/00151/FUL,https://digital-land.github.io/brownfield-land/local-authority-eng/CHL/21-00151-FUL
,,,,
/brownfield-land/local-authority-eng/CHL/19-01659-FUL,Garage Site Hall Lane Sandon Chelmsford,19/01659/FUL,19/01659/FUL,https://digital-land.github.io/brownfield-land/local-authority-eng/CHL/19-01659-FUL
/brownfield-land/local-authority-eng/CHL/20-00731-FUL,,20/00731/FUL,20/00731/FUL,https://digital-land.github.io/brownfield-land/local-authority-eng/CHL/20-00731-FUL
,,,,
/brownfield-land/local-authority-eng/CHL/19-01816-FUL,Site at Chase Farm Cattery Stock Road West Hanningfield Chelmsford,19/01816/FUL,19/01816/FUL,https://digital-land.github.io/brownfield-land/local-authority-eng/CHL/19-01816-FUL
/brownfield-land/local-authority-eng/CHL/20-01402-FUL,,20/01402/FUL,20/01402/FUL,https://digital-land.github.io/brownfield-land/local-authority-eng/CHL/20-01402-FUL
,,,,
/brownfield-land/local-authority-eng/CHL/20-01448-CUPAO,,20/01448/CUPAO,20/01448/CUPAO,https://digital-land.github.io/brownfield-land/local-authority-eng/CHL/20-01448-CUPAO
/brownfield-land/local-authority-eng/CHL/20-01477-CUPAO,,20/01477/CUPAO,20/01477/CUPAO,https://digital-land.github.io/brownfield-land/local-authority-eng/CHL/20-01477-CUPAO
,,,,
/brownfield-land/local-authority-eng/CHR/BLR17,"The Imperial Oriental, 13 - 14 South Bar Street, Banbury",BLR17,BLR17,https://digital-land.github.io/brownfield-land/local-authority-eng/CHR/BLR17
/brownfield-land/local-authority-eng/CHR/BLR3,"15 - 16 South Bar Street, Banbury",BLR3,BLR3,https://digital-land.github.io/brownfield-land/local-authority-eng/CHR/BLR3
,,,,
/brownfield-land/local-authority-eng/CLD/BLR036,"Fountain Chambers, 22 Fountain Street, Halifax",BLR036,BLR036,https://digital-land.github.io/brownfield-land/local-authority-eng/CLD/BLR036
/brownfield-land/local-authority-eng/CLD/BLR136,"6 Carlton Street, Halifax.",BLR136,BLR136,https://digital-land.github.io/brownfield-land/local-authority-eng/CLD/BLR136
,,,,
/brownfield-land/local-authority-eng/CLD/BLR141,"28 Clare Road, Halifax.",BLR141,BLR141,https://digital-land.github.io/brownfield-land/local-authority-eng/CLD/BLR141
/brownfield-land/local-authority-eng/CLD/BLR142,"26 Clare Road, Halifax.",BLR142,BLR142,https://digital-land.github.io/brownfield-land/local-authority-eng/CLD/BLR142
,,,,
/brownfield-land/local-authority-eng/CMD/LBCBLR062,17 & 27 Ferdinand Street London NW1 8EU,LBCBLR062,LBCBLR062,https://digital-land.github.io/brownfield-land/local-authority-eng/CMD/LBCBLR062
/brownfield-land/local-authority-eng/CMD/LBCBLR076,17 & 25-27 Ferdinand Street London NW1 8EU,LBCBLR076,LBCBLR076,https://digital-land.github.io/brownfield-land/local-authority-eng/CMD/LBCBLR076
,,,,
/brownfield-land/local-authority-eng/CMD/LBCBLR088,Rear of 110 Gloucester Avenue London NW1 8HX,LBCBLR088,LBCBLR088,https://digital-land.github.io/brownfield-land/local-authority-eng/CMD/LBCBLR088
/brownfield-land/local-authority-eng/CMD/LBCBLR089,Front of 110 Gloucester Avenue London NW1 8HX,LBCBLR089,LBCBLR089,https://digital-land.github.io/brownfield-land/local-authority-eng/CMD/LBCBLR089
,,,,
/brownfield-land/local-authority-eng/CON/BR17,The Harbour Lights 1 Fore Street Torpoint PL11 2AA,BR17,BR17,https://digital-land.github.io/brownfield-land/local-authority-eng/CON/BR17
/brownfield-land/local-authority-eng/CON/BR80,Land At Rear Of 1 Fore Street Torpoint Cornwall PL11 2AA,BR80,BR80,https://digital-land.github.io/brownfield-land/local-authority-eng/CON/BR80
,,,,
/brownfield-land/local-authority-eng/CRY/16-06484-FUL,"26, Fairfield Road",16/06484/FUL,16/06484/FUL,https://digital-land.github.io/brownfield-land/local-authority-eng/CRY/16-06484-FUL
/brownfield-land/local-authority-eng/CRY/18-02653-FUL,"Land To The Rear Of 26, Fairfield Road",18/02653/FUL,18/02653/FUL,https://digital-land.github.io/brownfield-land/local-authority-eng/CRY/18-02653-FUL
/brownfield-land/local-authority-eng/CRY/18-04056-FUL,"26, Fairfield Road",18/04056/FUL,18/04056/FUL,https://digital-land.github.io/brownfield-land/local-authority-eng/CRY/18-04056-FUL
,,,,
/brownfield-land/local-authority-eng/CRY/17-02918-FUL,Land Adjacent To 2 West Hill,17/02918/FUL,17/02918/FUL,https://digital-land.github.io/brownfield-land/local-authority-eng/CRY/17-02918-FUL
/brownfield-land/local-authority-eng/CRY/18-03158-FUL,"2, West Hill",18/03158/FUL,18/03158/FUL,https://digital-land.github.io/brownfield-land/local-authority-eng/CRY/18-03158-FUL
,,,,
/brownfield-land/local-authority-eng/CRY/18-03412-FUL,"Land Adjacent To Venture House (Car Park) 15, High Street",18/03412/FUL,18/03412/FUL,https://digital-land.github.io/brownfield-land/local-authority-eng/CRY/18-03412-FUL
/brownfield-land/local-authority-eng/CRY/18-04812-FUL,"Venture House Car Park 15, High Street",18/04812/FUL,18/04812/FUL,https://digital-land.github.io/brownfield-land/local-authority-eng/CRY/18-04812-FUL
,,,,
/brownfield-land/local-authority-eng/CRY/18-06191-FUL,"1, Dunheved Road South",18/06191/FUL,18/06191/FUL,https://digital-land.github.io/brownfield-land/local-authority-eng/CRY/18-06191-FUL
/brownfield-land/local-authority-eng/CRY/19-01764-FUL,"3, Dunheved Road South",19/01764/FUL,19/01764/FUL,https://digital-land.github.io/brownfield-land/local-authority-eng/CRY/19-01764-FUL
,,,,
/brownfield-land/local-authority-eng/DER/DER-0222,"Floors 3-6 Celtic House, Friary Street, Derby",DER/0222,DER/0222,https://digital-land.github.io/brownfield-land/local-authority-eng/DER/DER-0222
/brownfield-land/local-authority-eng/DER/DER-0302,"Celtic House (Floors 1 and 2), Celtic House, Friary Street, Derby",DER/0302,DER/0302,https://digital-land.github.io/brownfield-land/local-authority-eng/DER/DER-0302
,,,,
/brownfield-land/local-authority-eng/DST/LA-BRID-002,Bradfords Builders Merchants,LA/BRID/002,LA/BRID/002,https://digital-land.github.io/brownfield-land/local-authority-eng/DST/LA-BRID-002
/brownfield-land/local-authority-eng/DST/LA-BRID-003,Coach Station Square,LA/BRID/003,LA/BRID/003,https://digital-land.github.io/brownfield-land/local-authority-eng/DST/LA-BRID-003
/brownfield-land/local-authority-eng/DST/LA-BRID-005,Rope Walks Car Park,LA/BRID/005,LA/BRID/005,https://digital-land.github.io/brownfield-land/local-authority-eng/DST/LA-BRID-005
,,,,
/brownfield-land/local-authority-eng/DST/LA-DORC-008,Jonson Trading Park,LA/DORC/008,LA/DORC/008,https://digital-land.github.io/brownfield-land/local-authority-eng/DST/LA-DORC-008
/brownfield-land/local-authority-eng/DST/LA-DORC-009,"Land adj The Barn, Little Britain",LA/DORC/009,LA/DORC/009,https://digital-land.github.io/brownfield-land/local-authority-eng/DST/LA-DORC-009
/brownfield-land/local-authority-eng/DST/LA-DORC-010,Land to the east of Wareham Bridge,LA/DORC/010,LA/DORC/010,https://digital-land.github.io/brownfield-land/local-authority-eng/DST/LA-DORC-010
,,,,
/brownfield-land/local-authority-eng/DST/LA-SNEW-007,Hammonds Yard,LA/SNEW/007,LA/SNEW/007,https://digital-land.github.io/brownfield-land/local-authority-eng/DST/LA-SNEW-007
/brownfield-land/local-authority-eng/DST/LA-SNEW-009,"Former Creamery and Car Park, Station Road",LA/SNEW/009,LA/SNEW/009,https://digital-land.github.io/brownfield-land/local-authority-eng/DST/LA-SNEW-009
/brownfield-land/local-authority-eng/DST/LA-SNEW-011,Former livestock market site & railway gardens,LA/SNEW/011,LA/SNEW/011,https://digital-land.github.io/brownfield-land/local-authority-eng/DST/LA-SNEW-011
,,,,
/brownfield-land/local-authority-eng/DST/LA-WEYM-001,Brewers Quay,LA/WEYM/001,LA/WEYM/001,https://digital-land.github.io/brownfield-land/local-authority-eng/DST/LA-WEYM-001
/brownfield-land/local-authority-eng/DST/LA-WEYM-028,Land at the Nothe,LA/WEYM/028,LA/WEYM/028,https://digital-land.github.io/brownfield-land/local-authority-eng/DST/LA-WEYM-028
/brownfield-land/local-authority-eng/DST/LA-WEYM-035,Land at Governers Lane (car park),LA/WEYM/035,LA/WEYM/035,https://digital-land.github.io/brownfield-land/local-authority-eng/DST/LA-WEYM-035
,,,,
/brownfield-land/local-authority-eng/DST/LA-WEYM-026,"Former QinetiQ Site, Bincelaves",LA/WEYM/026,LA/WEYM/026,https://digital-land.github.io/brownfield-land/local-authority-eng/DST/LA-WEYM-026
/brownfield-land/local-authority-eng/DST/LA-WEYM-044,Newberry Gardens Car park,LA/WEYM/044,LA/WEYM/044,https://digital-land.github.io/brownfield-land/local-authority-eng/DST/LA-WEYM-044
/brownfield-land/local-authority-eng/DST/LA-WEYM-045,Newton's Road Car park,LA/WEYM/045,LA/WEYM/045,https://digital-land.github.io/brownfield-land/local-authority-eng/DST/LA-WEYM-045
,,,,
/brownfield-land/local-authority-eng/DST/LA-WEYM-029,Westwey Road (South),LA/WEYM/029,LA/WEYM/029,https://digital-land.github.io/brownfield-land/local-authority-eng/DST/LA-WEYM-029
/brownfield-land/local-authority-eng/DST/LA-WEYM-030,"Bus Depot, King Street",LA/WEYM/030,LA/WEYM/030,https://digital-land.github.io/brownfield-land/local-authority-eng/DST/LA-WEYM-030
/brownfield-land/local-authority-eng/DST/LA-WEYM-031,"Harbourside Car Park, Commercial Road",LA/WEYM/031,LA/WEYM/031,https://digital-land.github.io/brownfield-land/local-authority-eng/DST/LA-WEYM-031
/brownfield-land/local-authority-eng/DST/LA-WEYM-033,"Lakeside Superbowl, St Nicholas Street",LA/WEYM/033,LA/WEYM/033,https://digital-land.github.io/brownfield-land/local-authority-eng/DST/LA-WEYM-033
/brownfield-land/local-authority-eng/DST/LA-WEYM-034,Land at Commercial Road (car park),LA/WEYM/034,LA/WEYM/034,https://digital-land.github.io/brownfield-land/local-authority-eng/DST/LA-WEYM-034
/brownfield-land/local-authority-eng/DST/LA-WEYM-036,Post Office Sorting Office,LA/WEYM/036,LA/WEYM/036,https://digital-land.github.io/brownfield-land/local-authority-eng/DST/LA-WEYM-036
/brownfield-land/local-authority-eng/DST/LA-WEYM-037,"The Loop Car Park, Commercial Road",LA/WEYM/037,LA/WEYM/037,https://digital-land.github.io/brownfield-land/local-authority-eng/DST/LA-WEYM-037
/brownfield-land/local-authority-eng/DST/LA-WEYM-038,"Weymouth Bowling Club, Commercial Road",LA/WEYM/038,LA/WEYM/038,https://digital-land.github.io/brownfield-land/local-authority-eng/DST/LA-WEYM-038
/brownfield-land/local-authority-eng/DST/LA-WEYM-040,Land at Park Street (Car Park),LA/WEYM/040,LA/WEYM/040,https://digital-land.github.io/brownfield-land/local-authority-eng/DST/LA-WEYM-040
/brownfield-land/local-authority-eng/DST/LA-WEYM-041,"Council Offices, North Quay",LA/WEYM/041,LA/WEYM/041,https://digital-land.github.io/brownfield-land/local-authority-eng/DST/LA-WEYM-041
,,,,
/brownfield-land/local-authority-eng/ERE/BLR34,"First Floor, 1-3 Tamworth Road, Long Eaton, Derbyshire, NG10 1JE",BLR34,BLR34,https://digital-land.github.io/brownfield-land/local-authority-eng/ERE/BLR34
/brownfield-land/local-authority-eng/ERE/BLR35,"Second Floor, 1-3 Tamworth Road, Long Eaton, Derbyshire, NG10 1JE",BLR35,BLR35,https://digital-land.github.io/brownfield-land/local-authority-eng/ERE/BLR35
,,,,
/brownfield-land/local-authority-eng/FAR/1293,"Land adjacent to Red Lion Hotel, Fareham",1293,1293,https://digital-land.github.io/brownfield-land/local-authority-eng/FAR/1293
/brownfield-land/local-authority-eng/FAR/2853,"Land R/O Red Lion Hotel and Bath Lane, Fareham",2853,2853,https://digital-land.github.io/brownfield-land/local-authority-eng/FAR/2853
,,,,
/brownfield-land/local-authority-eng/GRE/RBG-41,“11 Eglinton Hill Woolwich“,RBG-41,RBG-41,https://digital-land.github.io/brownfield-land/local-authority-eng/GRE/RBG-41
/brownfield-land/local-authority-eng/GRE/RBG-69,“9 Eglinton Hill Woolwich“,RBG-69,RBG-69,https://digital-land.github.io/brownfield-land/local-authority-eng/GRE/RBG-69
,,,,
/brownfield-land/local-authority-eng/HAT/13-00720-MAJOR,"Winchfield Lodge, Old Potbridge Road",13/00720/MAJOR,13/00720/MAJOR,https://digital-land.github.io/brownfield-land/local-authority-eng/HAT/13-00720-MAJOR
/brownfield-land/local-authority-eng/HAT/16-00883-PRIOR-17-02465-FUL,"Providence House, 2 Bartley Way, Hook",16/00883/PRIOR 17/02465/FUL,16/00883/PRIOR 17/02465/FUL,https://digital-land.github.io/brownfield-land/local-authority-eng/HAT/16-00883-PRIOR-17-02465-FUL
/brownfield-land/local-authority-eng/HAT/17-02465-FUL,"Providence House, 2 Bartley Wood Business Park, Bartley Way, Hook, Hampshire, RG27 9XA",17/02465/FUL,17/02465/FUL,https://digital-land.github.io/brownfield-land/local-authority-eng/HAT/17-02465-FUL
,,,,
/brownfield-land/local-authority-eng/HAT/18-01754-PRIOR,"Building A, Lees Buildings, Alton Road, South Warnborough, Hook, Hampshire, RG29 1RZ",18/01754/PRIOR,18/01754/PRIOR,https://digital-land.github.io/brownfield-land/local-authority-eng/HAT/18-01754-PRIOR
/brownfield-land/local-authority-eng/HAT/18-01755-PRIOR,"Steel Frame Building, Lees Buildings, Alton Road, South Warnborough, Hook, Hampshire, RG29 1RZ",18/01755/PRIOR,18/01755/PRIOR,https://digital-land.github.io/brownfield-land/local-authority-eng/HAT/18-01755-PRIOR
,,,,
/brownfield-land/local-authority-eng/HAT/SHL192,"Land To The Rear Of, 140-148 Fleet Road, Fleet, GU51 4BE",SHL192,SHL192,https://digital-land.github.io/brownfield-land/local-authority-eng/HAT/SHL192
/brownfield-land/local-authority-eng/HAT/SHL192-18-02321-FUL,"140-150 Fleet Road, Fleet",SHL192 18/02321/FUL,SHL192 18/02321/FUL,https://digital-land.github.io/brownfield-land/local-authority-eng/HAT/SHL192-18-02321-FUL
,,,,
/brownfield-land/local-authority-eng/HEF/142860,"Part OS 1330, The Garlands, Priory Wood, Clifford, Herefordshire",142860,142860,https://digital-land.github.io/brownfield-land/local-authority-eng/HEF/142860
/brownfield-land/local-authority-eng/HEF/170353,"Land at The Garlands, Priory Wood, Clifford, Herefordshire",170353,170353,https://digital-land.github.io/brownfield-land/local-authority-eng/HEF/170353
,,,,
/brownfield-land/local-authority-eng/HOR/SA144,"Parsonage Farm, Parsonage Road, Horsham (North Horsham)",SA144,SA144,https://digital-land.github.io/brownfield-land/local-authority-eng/HOR/SA144
/brownfield-land/local-authority-eng/HOR/SA146,"Star Reservoir, Comptons Brow Lane, Horsham (North Horsham)",SA146,SA146,https://digital-land.github.io/brownfield-land/local-authority-eng/HOR/SA146
,,,,
/brownfield-land/local-authority-eng/HOR/SA198,"West Point, Springfield Road, Horsham, (Denne)",SA198,SA198,https://digital-land.github.io/brownfield-land/local-authority-eng/HOR/SA198
/brownfield-land/local-authority-eng/HOR/SA199,"Century House, Station Road, Horsham (Forest)",SA199,SA199,https://digital-land.github.io/brownfield-land/local-authority-eng/HOR/SA199
,,,,
/brownfield-land/local-authority-eng/HOR/SA436,"Horsham District Council Offices, North Street, Horsham (Denne)",SA436,SA436,https://digital-land.github.io/brownfield-land/local-authority-eng/HOR/SA436
/brownfield-land/local-authority-eng/HOR/SA449,"Norfolk House, 32-40 North Street (Denne)",SA449,SA449,https://digital-land.github.io/brownfield-land/local-authority-eng/HOR/SA449
,,,,
/brownfield-land/local-authority-eng/HRW/P-0120-17,"Canning Road, 1, Premier House, Wealdstone",P/0120/17,P/0120/17,https://digital-land.github.io/brownfield-land/local-authority-eng/HRW/P-0120-17
/brownfield-land/local-authority-eng/HRW/P-1727-17-PRIOR,"Canning Road, Premier House, Part 3rd & 4th floor, Wealdstone",P/1727/17/PRIOR,P/1727/17/PRIOR,https://digital-land.github.io/brownfield-land/local-authority-eng/HRW/P-1727-17-PRIOR
/brownfield-land/local-authority-eng/HRW/P-2542-14,"Canning Road, Premier House, Second Floor, Wealdstone",P/2542/14,P/2542/14,https://digital-land.github.io/brownfield-land/local-authority-eng/HRW/P-2542-14
,,,,
/brownfield-land/local-authority-eng/HRW/P-0312-16,"College Road, 88-98, 4th floor, Harrow",P/0312/16,P/0312/16,https://digital-land.github.io/brownfield-land/local-authority-eng/HRW/P-0312-16
/brownfield-land/local-authority-eng/HRW/P-4480-15,"College Road, 88 - 98, 1st to 3rd floors, Harrow",P/4480/15,P/4480/15,https://digital-land.github.io/brownfield-land/local-authority-eng/HRW/P-4480-15
,,,,
/brownfield-land/local-authority-eng/HRW/P-1466-16,"St Anns Road, 1-9, floors 4&5",P/1466/16,P/1466/16,https://digital-land.github.io/brownfield-land/local-authority-eng/HRW/P-1466-16
/brownfield-land/local-authority-eng/HRW/P-4655-14,"St Anns Road, Natwest House, 1 - 9, 1st & 2nd floors, Harrow",P/4655/14,P/4655/14,https://digital-land.github.io/brownfield-land/local-authority-eng/HRW/P-4655-14
,,,,
/brownfield-land/local-authority-eng/HRW/P-3748-16,"Imperial Drive, Talbot House, 204 - 226, Lower Ground floor, Rayners Lane",P/3748/16,P/3748/16,https://digital-land.github.io/brownfield-land/local-authority-eng/HRW/P-3748-16
/brownfield-land/local-authority-eng/HRW/P-3749-16,"Imperial Drive, Talbot House, 204 - 226, Ground & First floor, Rayners Lane",P/3749/16,P/3749/16,https://digital-land.github.io/brownfield-land/local-authority-eng/HRW/P-3749-16
,,,,
/brownfield-land/local-authority-eng/HRW/P-4481-15,"St Johns Road, 13, Ground & 1st floor, Harrow",P/4481/15,P/4481/15,https://digital-land.github.io/brownfield-land/local-authority-eng/HRW/P-4481-15
/brownfield-land/local-authority-eng/HRW/P-4482-15,"St Johns Road, 13, 2nd & 3rd floors, Harrow",P/4482/15,P/4482/15,https://digital-land.github.io/brownfield-land/local-authority-eng/HRW/P-4482-15
,,,,
/brownfield-land/local-authority-eng/HYN/208,"Grand Social Club, Blackburn Road, Great Harwood",208,208,https://digital-land.github.io/brownfield-land/local-authority-eng/HYN/208
/brownfield-land/local-authority-eng/HYN/209,"The Lomax Hotel, Blackburn Road, Great Harwood",209,209,https://digital-land.github.io/brownfield-land/local-authority-eng/HYN/209
,,,,
/brownfield-land/local-authority-eng/IOS/SHLAA-A7,"Former Carn Thomas Secondary School, Telegraph Road, St Mary's Isles of Scilly TR21 0PT",SHLAA A7,SHLAA A7,https://digital-land.github.io/brownfield-land/local-authority-eng/IOS/SHLAA-A7
/brownfield-land/local-authority-eng/IOS/SHLAA-A7-a,"Former Carn Thomas Primary School now Council of the Isles of Scilly Children's Services, Telegraph Road, St Mary's Isles of Scilly TR21 0PT",SHLAA A7-a,SHLAA A7-a,https://digital-land.github.io/brownfield-land/local-authority-eng/IOS/SHLAA-A7-a
,,,,
/brownfield-land/local-authority-eng/ISL/P2015-3977-FUL,"Part ground floor, 12th and 13th floors Hill House, 17 Highgate Hill",P2015/3977/FUL,P2015/3977/FUL,https://digital-land.github.io/brownfield-land/local-authority-eng/ISL/P2015-3977-FUL
/brownfield-land/local-authority-eng/ISL/P2017-2795-PRA,"Ground Floor to 4th Floor, and 6th Floor to 11th Floor (inclusive), Hill House, 17 Highgate Hill",P2017/2795/PRA,P2017/2795/PRA,https://digital-land.github.io/brownfield-land/local-authority-eng/ISL/P2017-2795-PRA
,,,,
/brownfield-land/local-authority-eng/KEC/RBKC028,31 Rosary Gardens SW7 4NH,RBKC028,RBKC028,https://digital-land.github.io/brownfield-land/local-authority-eng/KEC/RBKC028
/brownfield-land/local-authority-eng/KEC/RBKC032,29 Rosary Gardens SW7 4NH,RBKC032,RBKC032,https://digital-land.github.io/brownfield-land/local-authority-eng/KEC/RBKC032
,,,,
/brownfield-land/local-authority-eng/KWL/BR031,"Merseyside Dogs' Home, Greensbridge Lane, Halewood",BR031,BR031,https://digital-land.github.io/brownfield-land/local-authority-eng/KWL/BR031
/brownfield-land/local-authority-eng/KWL/PP-14-00062-PREAPP,"Liverpool Dogs' Home, Greensbridge Road, Halewood",PP-14/00062/PREAPP,PP-14/00062/PREAPP,https://digital-land.github.io/brownfield-land/local-authority-eng/KWL/PP-14-00062-PREAPP
,,,,
/brownfield-land/local-authority-eng/LAC/343,"Canal Corridor North Development Site, Lancaster",343,343,https://digital-land.github.io/brownfield-land/local-authority-eng/LAC/343
/brownfield-land/local-authority-eng/LAC/343-385-833,"Canal Quarter, Lancaster",343/385/833,343/385/833,https://digital-land.github.io/brownfield-land/local-authority-eng/LAC/343-385-833
,,,,
/brownfield-land/local-authority-eng/LEE/BLR07,"34-40 High Street, Seaford",BLR07,BLR07,https://digital-land.github.io/brownfield-land/local-authority-eng/LEE/BLR07
/brownfield-land/local-authority-eng/LEE/BLR22,"1-10 Talland Parade, High Street, Seaford",BLR22,BLR22,https://digital-land.github.io/brownfield-land/local-authority-eng/LEE/BLR22
,,,,
/brownfield-land/local-authority-eng/MAL/MDCBLR003,THE OLD ENGINE SHED STATION ROAD MALDON,MDCBLR003,MDCBLR003,https://digital-land.github.io/brownfield-land/local-authority-eng/MAL/MDCBLR003
/brownfield-land/local-authority-eng/MAL/MDCBLR005,SADDS WHARFS STATION ROAD MALDON,MDCBLR005,MDCBLR005,https://digital-land.github.io/brownfield-land/local-authority-eng/MAL/MDCBLR005
,,,,
/brownfield-land/local-authority-eng/MAN/106987-FO-2014-N1,"Land Bounded By Park Hill Avenue, Cleveland Road And Delaunays Road Crumpsall Manchester",106987/FO/2014/N1,106987/FO/2014/N1,https://digital-land.github.io/brownfield-land/local-authority-eng/MAN/106987-FO-2014-N1
/brownfield-land/local-authority-eng/MAN/Crum-Cap-019,Parkhill Avenue / Delaunays Road,Crum_Cap_019,Crum_Cap_019,https://digital-land.github.io/brownfield-land/local-authority-eng/MAN/Crum-Cap-019
,,,,
/brownfield-land/local-authority-eng/MAN/107413-FO-2014-S1,Vacant Land At 8 Wilbraham Road Fallowfield Manchester M14 6JW,107413/FO/2014/S1,107413/FO/2014/S1,https://digital-land.github.io/brownfield-land/local-authority-eng/MAN/107413-FO-2014-S1
/brownfield-land/local-authority-eng/MAN/Fall-Cap-1000,"Oaklands House, Wilbraham Road",Fall_Cap_1000,Fall_Cap_1000,https://digital-land.github.io/brownfield-land/local-authority-eng/MAN/Fall-Cap-1000
,,,,
/brownfield-land/local-authority-eng/MAN/107689-P3JPA-2014-N1,15 - 17 Stanley Street Cheetham Manchester M8 8SH,107689/P3JPA/2014/N1,107689/P3JPA/2014/N1,https://digital-land.github.io/brownfield-land/local-authority-eng/MAN/107689-P3JPA-2014-N1
/brownfield-land/local-authority-eng/MAN/122293-P3OPA-2019,"Front ground floor, 15 - 19 Stanley Street Cheetham",122293/P3OPA/2019,122293/P3OPA/2019,https://digital-land.github.io/brownfield-land/local-authority-eng/MAN/122293-P3OPA-2019
,,,,
/brownfield-land/local-authority-eng/MAN/111182---110201,"Site Bounded By Coupland Street, Boundary Lane And Burlington Street Hulme",111182 / 110201,111182 / 110201,https://digital-land.github.io/brownfield-land/local-authority-eng/MAN/111182---110201
/brownfield-land/local-authority-eng/MAN/CDN-17-0737---111182,"Coupland Street (Burlington Square), Hulme",CDN/17/0737 / 111182,CDN/17/0737 / 111182,https://digital-land.github.io/brownfield-land/local-authority-eng/MAN/CDN-17-0737---111182
,,,,
/brownfield-land/local-authority-eng/MAN/111274-FO-2016-C2,"Devonshire House, George Street",111274/FO/2016/C2,111274/FO/2016/C2,https://digital-land.github.io/brownfield-land/local-authority-eng/MAN/111274-FO-2016-C2
/brownfield-land/local-authority-eng/MAN/115207-FO-2017---111274,"Manhattan (Devonshire House), George Street",115207/FO/2017 / 111274,115207/FO/2017 / 111274,https://digital-land.github.io/brownfield-land/local-authority-eng/MAN/115207-FO-2017---111274
,,,,
/brownfield-land/local-authority-eng/MAN/115947-FO-2017,Vesta Street,115947/FO/2017,115947/FO/2017,https://digital-land.github.io/brownfield-land/local-authority-eng/MAN/115947-FO-2017
/brownfield-land/local-authority-eng/MAN/Anco-Cap-710,Vesta St and Lampwick sites,Anco_Cap_710,Anco_Cap_710,https://digital-land.github.io/brownfield-land/local-authority-eng/MAN/Anco-Cap-710
,,,,
/brownfield-land/local-authority-eng/MAN/117279-P3MPA-2017,"Second Floor 137, Oxford Road",117279/P3MPA/2017,117279/P3MPA/2017,https://digital-land.github.io/brownfield-land/local-authority-eng/MAN/117279-P3MPA-2017
/brownfield-land/local-authority-eng/MAN/117288-P3OPA-2017,"Third Floor 137, Oxford Road",117288/P3OPA/2017,117288/P3OPA/2017,https://digital-land.github.io/brownfield-land/local-authority-eng/MAN/117288-P3OPA-2017
/brownfield-land/local-authority-eng/MAN/125556-P3MPA-2019,"Second Floor 137, Oxford Road",125556/P3MPA/2019,125556/P3MPA/2019,https://digital-land.github.io/brownfield-land/local-authority-eng/MAN/125556-P3MPA-2019
,,,,
/brownfield-land/local-authority-eng/MAN/118683-FO-2017,Land At River Street (STUDENT),118683/FO/2017,118683/FO/2017,https://digital-land.github.io/brownfield-land/local-authority-eng/MAN/118683-FO-2017
/brownfield-land/local-authority-eng/MAN/CC-Cap-903,Land At River Street M15,CC_Cap_903,CC_Cap_903,https://digital-land.github.io/brownfield-land/local-authority-eng/MAN/CC-Cap-903
,,,,
/brownfield-land/local-authority-eng/NBL/2345,"Hospital land at Dean Street, Hexham",2345,2345,https://digital-land.github.io/brownfield-land/local-authority-eng/NBL/2345
/brownfield-land/local-authority-eng/NBL/2345a,"Hospital land at Dean Street, Hexham (east)",2345a,2345a,https://digital-land.github.io/brownfield-land/local-authority-eng/NBL/2345a
/brownfield-land/local-authority-eng/NBL/2345b,"Hospital land at Dean Street, Hexham (west)",2345b,2345b,https://digital-land.github.io/brownfield-land/local-authority-eng/NBL/2345b
,,,,
/brownfield-land/local-authority-eng/NEC/KL28,"Horwood Hall, Keele University",KL28,KL28,https://digital-land.github.io/brownfield-land/local-authority-eng/NEC/KL28
/brownfield-land/local-authority-eng/NEC/KL29,"Lindsey Hall, Keele University",KL29,KL29,https://digital-land.github.io/brownfield-land/local-authority-eng/NEC/KL29
/brownfield-land/local-authority-eng/NEC/KL30,"Barnes Hall, Keele University",KL30,KL30,https://digital-land.github.io/brownfield-land/local-authority-eng/NEC/KL30
,,,,
/brownfield-land/local-authority-eng/NOR/BFR0826,above 27 - 27a Drapery,BFR0826,BFR0826,https://digital-land.github.io/brownfield-land/local-authority-eng/NOR/BFR0826
/brownfield-land/local-authority-eng/NOR/BFR1813,25 Drapery,BFR1813,BFR1813,https://digital-land.github.io/brownfield-land/local-authority-eng/NOR/BFR1813
,,,,
/brownfield-land/local-authority-eng/OXO/028,"Kassam Stadium Sites, Grenoble Road, Oxford",028,028,https://digital-land.github.io/brownfield-land/local-authority-eng/OXO/028
/brownfield-land/local-authority-eng/OXO/28,"Kassam Stadium Sites, Grenoble Road, Oxford",28,28,https://digital-land.github.io/brownfield-land/local-authority-eng/OXO/28
/brownfield-land/local-authority-eng/OXO/593,Knights Road,593,593,https://digital-land.github.io/brownfield-land/local-authority-eng/OXO/593
,,,,
/brownfield-land/local-authority-eng/PEN/CE197,"Land at Bright Street, Colne",CE197,CE197,https://digital-land.github.io/brownfield-land/local-authority-eng/PEN/CE197
/brownfield-land/local-authority-eng/PEN/CE197---P167,"Site of Former 1 to 34 Bright Street, Colne",CE197 / P167,CE197 / P167,https://digital-land.github.io/brownfield-land/local-authority-eng/PEN/CE197---P167
/brownfield-land/local-authority-eng/PEN/P167,"Land at Bright Street, Colne",P167,P167,https://digital-land.github.io/brownfield-land/local-authority-eng/PEN/P167
,,,,
/brownfield-land/local-authority-eng/PTE/PDL-0014-17,Land At East Station Road Fletton Quays Peterborough,PDL/0014/17,PDL/0014/17,https://digital-land.github.io/brownfield-land/local-authority-eng/PTE/PDL-0014-17
/brownfield-land/local-authority-eng/PTE/PDL-0029-17,Fletton Quays Land At East Station Road Peterborough,PDL/0029/17,PDL/0029/17,https://digital-land.github.io/brownfield-land/local-authority-eng/PTE/PDL-0029-17
,,,,
/brownfield-land/local-authority-eng/REI/RBBCBLR096,"Building A, Wrays Farm, Horse Hill, Horley",RBBCBLR096,RBBCBLR096,https://digital-land.github.io/brownfield-land/local-authority-eng/REI/RBBCBLR096
/brownfield-land/local-authority-eng/REI/RBBCBLR097,"Building B, Wrays Farm, Horse Hill, Horley",RBBCBLR097,RBBCBLR097,https://digital-land.github.io/brownfield-land/local-authority-eng/REI/RBBCBLR097
/brownfield-land/local-authority-eng/REI/RBBCBLR098,"Building C, Wrays Farm, Horse Hill, Horley",RBBCBLR098,RBBCBLR098,https://digital-land.github.io/brownfield-land/local-authority-eng/REI/RBBCBLR098
,,,,
/brownfield-land/local-authority-eng/SAW/1380,"Whitehall Road, Great Bridge",1380,1380,https://digital-land.github.io/brownfield-land/local-authority-eng/SAW/1380
/brownfield-land/local-authority-eng/SAW/5932,Site Of Nos 118-152 Whitehall Road Tipton,5932,5932,https://digital-land.github.io/brownfield-land/local-authority-eng/SAW/5932
,,,,
/brownfield-land/local-authority-eng/SAW/2916,"Whitehall Road Industrial Estate, West Bromwich",2916,2916,https://digital-land.github.io/brownfield-land/local-authority-eng/SAW/2916
/brownfield-land/local-authority-eng/SAW/2917,"Land Between Whitehall Road and Walsall Canal, Great Bridge",2917,2917,https://digital-land.github.io/brownfield-land/local-authority-eng/SAW/2917
,,,,
/brownfield-land/local-authority-eng/SAW/2994,"Oldbury Road Industrial Estate, Oldbury Road, Smethwick, B66 1JE",2994,2994,https://digital-land.github.io/brownfield-land/local-authority-eng/SAW/2994
/brownfield-land/local-authority-eng/SAW/3015,"104-110 Oldbury Road, Smethwick B66 1JE",3015,3015,https://digital-land.github.io/brownfield-land/local-authority-eng/SAW/3015
,,,,
/brownfield-land/local-authority-eng/SAW/3026,"Station Street / Graingers Lane, Cradley Heath",3026,3026,https://digital-land.github.io/brownfield-land/local-authority-eng/SAW/3026
/brownfield-land/local-authority-eng/SAW/3031,"Station Street / Cradley Road, Cradley Heath (opp Majestic Cinema)",3031,3031,https://digital-land.github.io/brownfield-land/local-authority-eng/SAW/3031
,,,,
/brownfield-land/local-authority-eng/SAW/6273,"Former Car Park & Bowling Green , Land Rear Of 54 Sandwell Road, West Bromwich, B70 8TG",6273,6273,https://digital-land.github.io/brownfield-land/local-authority-eng/SAW/6273
/brownfield-land/local-authority-eng/SAW/6430,54 Sandwell Road West Bromwich,6430,6430,https://digital-land.github.io/brownfield-land/local-authority-eng/SAW/6430
,,,,
/brownfield-land/local-authority-eng/SCE/BR-044,"Land between West Thorpe and the Nurseries, Whitby",BR-044,BR-044,https://digital-land.github.io/brownfield-land/local-authority-eng/SCE/BR-044
/brownfield-land/local-authority-eng/SCE/BR-058,"Land to East of the Nurseries, Whitby",BR-058,BR-058,https://digital-land.github.io/brownfield-land/local-authority-eng/SCE/BR-058
,,,,
/brownfield-land/local-authority-eng/SEL/Selby-27,,Selby-27,Selby-27,https://digital-land.github.io/brownfield-land/local-authority-eng/SEL/Selby-27
/brownfield-land/local-authority-eng/SEL/Selby-39,"Friendship Inn, 58 Millgate, Selby",Selby-39,Selby-39,https://digital-land.github.io/brownfield-land/local-authority-eng/SEL/Selby-39
,,,,
/brownfield-land/local-authority-eng/SFT/B0165,"503 - 509, Hawthorne Road, Bootle",B0165,B0165,https://digital-land.github.io/brownfield-land/local-authority-eng/SFT/B0165
/brownfield-land/local-authority-eng/SFT/B71,"Site 4, Club, Depot & 501-509, Hawthorne Road, Bootle",B71,B71,https://digital-land.github.io/brownfield-land/local-authority-eng/SFT/B71
,,,,
/brownfield-land/local-authority-eng/SGC/107,Parcel LC2 Charlton Boulevard Patchway South Gloucestershire BS34 5BN,107,107,https://digital-land.github.io/brownfield-land/local-authority-eng/SGC/107
/brownfield-land/local-authority-eng/SGC/39,Area H24 And LC3 Northfield Patchway BS34 5DJ,39,39,https://digital-land.github.io/brownfield-land/local-authority-eng/SGC/39
/brownfield-land/local-authority-eng/SGC/49,Hayes Way Charlton Hayes Northfield Patchway BS34 5BZ,49,49,https://digital-land.github.io/brownfield-land/local-authority-eng/SGC/49
,,,,
/brownfield-land/local-authority-eng/SLF/S-CAD-116,"157 Liverpool Road, Cadishead, M44 5BT",S/CAD/116,S/CAD/116,https://digital-land.github.io/brownfield-land/local-authority-eng/SLF/S-CAD-116
/brownfield-land/local-authority-eng/SLF/S-CAD-117,"159 Liverpool Road, M44 6DA",S/CAD/117,S/CAD/117,https://digital-land.github.io/brownfield-land/local-authority-eng/SLF/S-CAD-117
,,,,
/brownfield-land/local-authority-eng/SND/080C,"Stadium Village, Sheepfolds Cliff Top",080C,080C,https://digital-land.github.io/brownfield-land/local-authority-eng/SND/080C
/brownfield-land/local-authority-eng/SND/B080C,Stadium Village Site C,B080C,B080C,https://digital-land.github.io/brownfield-land/local-authority-eng/SND/B080C
,,,,
/brownfield-land/local-authority-eng/SND/725,"Camrex House/Tatham Street Hostel, _x000D_3 Tatham Strt, _x000D_Sunderla,",725,725,https://digital-land.github.io/brownfield-land/local-authority-eng/SND/725
/brownfield-land/local-authority-eng/SND/B724,"Tatham Street Hostel, Tatham Street",B724,B724,https://digital-land.github.io/brownfield-land/local-authority-eng/SND/B724
,,,,
/brownfield-land/local-authority-eng/SNR/BFL-15,"Mill Lane, Brackley (Stage 1)",BFL 15,BFL 15,https://digital-land.github.io/brownfield-land/local-authority-eng/SNR/BFL-15
/brownfield-land/local-authority-eng/SNR/BFL-22,"Mill Lane, Brackley (Stage 2)",BFL 22,BFL 22,https://digital-land.github.io/brownfield-land/local-authority-eng/SNR/BFL-22
,,,,
/brownfield-land/local-authority-eng/SOS/BR11,"Venture House (First Floor) Essex Street, Southend-On-Sea, Essex, SS1 2NY",BR11,BR11,https://digital-land.github.io/brownfield-land/local-authority-eng/SOS/BR11
/brownfield-land/local-authority-eng/SOS/BR12,"Venture House (Ground Floor) Essex Street, Southend-On-Sea, Essex, SS1 2NY",BR12,BR12,https://digital-land.github.io/brownfield-land/local-authority-eng/SOS/BR12
,,,,
/brownfield-land/local-authority-eng/STE/55181,"159 Lower Bryan Street, Stoke-on-Trent, ST1 5AT",55181,55181,https://digital-land.github.io/brownfield-land/local-authority-eng/STE/55181
/brownfield-land/local-authority-eng/STE/58312,"Former Combined Healthcare NHS, Lower Bryan Street, Hanley, Stoke-on-Trent, ST1 5AT",58312,58312,https://digital-land.github.io/brownfield-land/local-authority-eng/STE/58312
,,,,
/brownfield-land/local-authority-eng/STO/BR024,"Stagholt Playing Field Car Park, Gloucester Road Stonehouse",BR024,BR024,https://digital-land.github.io/brownfield-land/local-authority-eng/STO/BR024
/brownfield-land/local-authority-eng/STO/BR072,Land at Gloucester Road Stonehouse,BR072,BR072,https://digital-land.github.io/brownfield-land/local-authority-eng/STO/BR072
,,,,
/brownfield-land/local-authority-eng/STR/SDC00007,"'Suite 3 Clifford Mill , Clifford Road , Clifford Chambers, Stratford-upon-Avon , CV37 8HW ''",SDC00007,SDC00007,https://digital-land.github.io/brownfield-land/local-authority-eng/STR/SDC00007
/brownfield-land/local-authority-eng/STR/SDC00061,"Stratford & District Mencap, Suite 1, Clifford Mill, Clifford Road, Clifford Chambers. Stratford-upon-Avon, CV37 8HW''",SDC00061,SDC00061,https://digital-land.github.io/brownfield-land/local-authority-eng/STR/SDC00061
,,,,
/brownfield-land/local-authority-eng/STR/SDC00021,"'Meon Vale, Long Marston Storage Depot, Phase 4A''",SDC00021,SDC00021,https://digital-land.github.io/brownfield-land/local-authority-eng/STR/SDC00021
/brownfield-land/local-authority-eng/STR/SDC00022,"'Meon Vale, Long Marston Storage Depot, Phase 4b''",SDC00022,SDC00022,https://digital-land.github.io/brownfield-land/local-authority-eng/STR/SDC00022
/brownfield-land/local-authority-eng/STR/SDC00035,"Meon Vale, Long Marston Storage Depot, Phase 3a",SDC00035,SDC00035,https://digital-land.github.io/brownfield-land/local-authority-eng/STR/SDC00035
,,,,
/brownfield-land/local-authority-eng/STR/SDC00093,"Meon Vale, Long Marston Storage Depot, (Phase 3b)''",SDC00093,SDC00093,https://digital-land.github.io/brownfield-land/local-authority-eng/STR/SDC00093
/brownfield-land/local-authority-eng/STR/SDC00094,"Meon Vale, Long Marston Storage Depot, (Phase4b)''",SDC00094,SDC00094,https://digital-land.github.io/brownfield-land/local-authority-eng/STR/SDC00094
,,,,
/brownfield-land/local-authority-eng/SWD/18HMR019,"Abbeymeads Medical Practice, Elstree Way, Abbey Meads, Swindon",18HMR019,18HMR019,https://digital-land.github.io/brownfield-land/local-authority-eng/SWD/18HMR019
/brownfield-land/local-authority-eng/SWD/S0351,"Minerva House, Delta 800, Welton Road, Westlea, Swindon SN5 7XS",S0351,S0351,https://digital-land.github.io/brownfield-land/local-authority-eng/SWD/S0351
/brownfield-land/local-authority-eng/SWD/S0363,"Minerva House, Delta 800, Welton Road, Westlea, Swindon SN5 7XS",S0363,S0363,https://digital-land.github.io/brownfield-land/local-authority-eng/SWD/S0363
,,,,
/brownfield-land/local-authority-eng/SWK/14-AP-4640,"Capital House, 40-46 Weston Street SE1 3QD",14-AP-4640,14-AP-4640,https://digital-land.github.io/brownfield-land/local-authority-eng/SWK/14-AP-4640
/brownfield-land/local-authority-eng/SWK/18-AP-0900,Capital House 42-46 Weston Street London SE1 3QD,18-AP-0900,18-AP-0900,https://digital-land.github.io/brownfield-land/local-authority-eng/SWK/18-AP-0900
,,,,
/brownfield-land/local-authority-eng/SWK/15-AP-0664,115-117 Queens Road SE15 2EZ,15-AP-0664,15-AP-0664,https://digital-land.github.io/brownfield-land/local-authority-eng/SWK/15-AP-0664
/brownfield-land/local-authority-eng/SWK/15-AP-2258,Ground Floor 115 Queen Road SE15 2EZ,15-AP-2258,15-AP-2258,https://digital-land.github.io/brownfield-land/local-authority-eng/SWK/15-AP-2258
,,,,
/brownfield-land/local-authority-eng/SWK/15-AP-1327,130 Grange Road SE1 3AL,15-AP-1327,15-AP-1327,https://digital-land.github.io/brownfield-land/local-authority-eng/SWK/15-AP-1327
/brownfield-land/local-authority-eng/SWK/15-AP-3913,"The Fort, 131 Grange Road SE1 3AL",15-AP-3913,15-AP-3913,https://digital-land.github.io/brownfield-land/local-authority-eng/SWK/15-AP-3913
,,,,
/brownfield-land/local-authority-eng/SWK/15-AP-1663,262 Southwark Park Road SE16 3RN,15-AP-1663,15-AP-1663,https://digital-land.github.io/brownfield-land/local-authority-eng/SWK/15-AP-1663
/brownfield-land/local-authority-eng/SWK/16-AP-3848,264 -266 Southwark Park Road SE16 3RN,16-AP-3848,16-AP-3848,https://digital-land.github.io/brownfield-land/local-authority-eng/SWK/16-AP-3848
/brownfield-land/local-authority-eng/SWK/18-AP-0751,"262,Southwark Park Road,,SE16 3R",18-AP-0751,18-AP-0751,https://digital-land.github.io/brownfield-land/local-authority-eng/SWK/18-AP-0751
,,,,
/brownfield-land/local-authority-eng/SWK/15-AP-3318,630 Old Kent Road SE15 1JB,15-AP-3318,15-AP-3318,https://digital-land.github.io/brownfield-land/local-authority-eng/SWK/15-AP-3318
/brownfield-land/local-authority-eng/SWK/17-AP-2217,628 Old Kent Road SE15 1JB,17-AP-2217,17-AP-2217,https://digital-land.github.io/brownfield-land/local-authority-eng/SWK/17-AP-2217
,,,,
/brownfield-land/local-authority-eng/SWK/15-AP-3892,"Units 3 & 6, St James Industrial Mews, 276 St Jamess Road SE1 5JX",15-AP-3892,15-AP-3892,https://digital-land.github.io/brownfield-land/local-authority-eng/SWK/15-AP-3892
/brownfield-land/local-authority-eng/SWK/17-AP-0195,Units 4 And 5 276 St James Industrial Mews St Jamess Road SE1 5JX,17-AP-0195,17-AP-0195,https://digital-land.github.io/brownfield-land/local-authority-eng/SWK/17-AP-0195
,,,,
/brownfield-land/local-authority-eng/SWK/15-AP-4790,148-150 Long Lane SE1 4BS,15-AP-4790,15-AP-4790,https://digital-land.github.io/brownfield-land/local-authority-eng/SWK/15-AP-4790
/brownfield-land/local-authority-eng/SWK/15-AP-4817,146 Long Lane SE1 4BS,15-AP-4817,15-AP-4817,https://digital-land.github.io/brownfield-land/local-authority-eng/SWK/15-AP-4817
,,,,
/brownfield-land/local-authority-eng/SWK/16-AP-2222,"Unit 4 And 5 St James Industrial Mews, 276 St Jamess Road SE1 5JX",16-AP-2222,16-AP-2222,https://digital-land.github.io/brownfield-land/local-authority-eng/SWK/16-AP-2222
/brownfield-land/local-authority-eng/SWK/16-AP-2531,278-280 St Jamess Road SE1 5JX,16-AP-2531,16-AP-2531,https://digital-land.github.io/brownfield-land/local-authority-eng/SWK/16-AP-2531
,,,,
/brownfield-land/local-authority-eng/SWK/16-AP-2506,Land At 206 Bermondsey Wall East SE16 4TT,16-AP-2506,16-AP-2506,https://digital-land.github.io/brownfield-land/local-authority-eng/SWK/16-AP-2506
/brownfield-land/local-authority-eng/SWK/16-AP-4711,94 Bermondsey Wall East SE16 4TY,16-AP-4711,16-AP-4711,https://digital-land.github.io/brownfield-land/local-authority-eng/SWK/16-AP-4711
/brownfield-land/local-authority-eng/SWK/17-AP-2646,"Old Justice94,Bermondsey Wall East,,SE16 4TY",17-AP-2646,17-AP-2646,https://digital-land.github.io/brownfield-land/local-authority-eng/SWK/17-AP-2646
,,,,
/brownfield-land/local-authority-eng/SWK/16-AP-4243,202-203 Grange Road SE1 3AA,16-AP-4243,16-AP-4243,https://digital-land.github.io/brownfield-land/local-authority-eng/SWK/16-AP-4243
/brownfield-land/local-authority-eng/SWK/18-AP-2022,"202,Grange Road,,SE1 3AA",18-AP-2022,18-AP-2022,https://digital-land.github.io/brownfield-land/local-authority-eng/SWK/18-AP-2022
,,,,
/brownfield-land/local-authority-eng/SWK/16-AP-4290,17-21 Camberwell Church Street SE5 8TR,16-AP-4290,16-AP-4290,https://digital-land.github.io/brownfield-land/local-authority-eng/SWK/16-AP-4290
/brownfield-land/local-authority-eng/SWK/17-AP-0713,19 Camberwell Church Street SE5 8TR,17-AP-0713,17-AP-0713,https://digital-land.github.io/brownfield-land/local-authority-eng/SWK/17-AP-0713
,,,,
/brownfield-land/local-authority-eng/SWK/16-AP-4418,127a Queens Road SE15 2ND,16-AP-4418,16-AP-4418,https://digital-land.github.io/brownfield-land/local-authority-eng/SWK/16-AP-4418
/brownfield-land/local-authority-eng/SWK/17-AP-3806,"129,Queens Road,,SE15 2ND",17-AP-3806,17-AP-3806,https://digital-land.github.io/brownfield-land/local-authority-eng/SWK/17-AP-3806
,,,,
/brownfield-land/local-authority-eng/SWK/17-AP-1021,88 Camberwell Road SE5 0EG,17-AP-1021,17-AP-1021,https://digital-land.github.io/brownfield-land/local-authority-eng/SWK/17-AP-1021
/brownfield-land/local-authority-eng/SWK/17-AP-4394,"88,Camberwell Road,,,SE5 0EG",17-AP-4394,17-AP-4394,https://digital-land.github.io/brownfield-land/local-authority-eng/SWK/17-AP-4394
/brownfield-land/local-authority-eng/SWK/17-AP-4751,"90,Camberwell Road,First Floor,SE5 0EG",17-AP-4751,17-AP-4751,https://digital-land.github.io/brownfield-land/local-authority-eng/SWK/17-AP-4751
,,,,
/brownfield-land/local-authority-eng/SWK/17-AP-1646,"634-636,Old Kent Road,,SE15 1JB",17-AP-1646,17-AP-1646,https://digital-land.github.io/brownfield-land/local-authority-eng/SWK/17-AP-1646
/brownfield-land/local-authority-eng/SWK/NSP70,636 Old Kent Road,NSP70,NSP70,https://digital-land.github.io/brownfield-land/local-authority-eng/SWK/NSP70
,,,,
/brownfield-land/local-authority-eng/SWK/17-AP-2494,112 And 112 A & Bn Road Lordship Lane SE22 8HF,17-AP-2494,17-AP-2494,https://digital-land.github.io/brownfield-land/local-authority-eng/SWK/17-AP-2494
/brownfield-land/local-authority-eng/SWK/19-AP-0095,"Flats 112a And 112b, Flat 2 And Flat 3,112,Lordship Lane,,SE22 8HF",19-AP-0095,19-AP-0095,https://digital-land.github.io/brownfield-land/local-authority-eng/SWK/19-AP-0095
,,,,
/brownfield-land/local-authority-eng/SWK/18-AP-1780,"Triangle Court 315-317,Camberwell New Road,,SE5 0TF",18-AP-1780,18-AP-1780,https://digital-land.github.io/brownfield-land/local-authority-eng/SWK/18-AP-1780
/brownfield-land/local-authority-eng/SWK/18-AP-3771,"313-317,Camberwell New Road,,SE5 0TF",18-AP-3771,18-AP-3771,https://digital-land.github.io/brownfield-land/local-authority-eng/SWK/18-AP-3771
,,,,
/brownfield-land/local-authority-eng/VAL/P13-V0821-FUL,"57-59 Stert Street, Abingdon",P13/V0821/FUL,P13/V0821/FUL,https://digital-land.github.io/brownfield-land/local-authority-eng/VAL/P13-V0821-FUL
/brownfield-land/local-authority-eng/VAL/P17-V2427-PDO,"55-59 Stert Street, Abingdon, OX14 3JF",P17/V2427/PDO,P17/V2427/PDO,https://digital-land.github.io/brownfield-land/local-authority-eng/VAL/P17-V2427-PDO
,,,,
/brownfield-land/local-authority-eng/VAL/P13-V2301-O,"5B Lechlade Road, Faringdon",P13/V2301/O,P13/V2301/O,https://digital-land.github.io/brownfield-land/local-authority-eng/VAL/P13-V2301-O
/brownfield-land/local-authority-eng/VAL/P17-V1310-O,"5 Lechlade Road, Faringdon, SN7 8AL",P17/V1310/O,P17/V1310/O,https://digital-land.github.io/brownfield-land/local-authority-eng/VAL/P17-V1310-O
,,,,
/brownfield-land/local-authority-eng/WEW/Hat139a,Hatfield - 36 Salisbury Square (First and second floor conversion),Hat139a,Hat139a,https://digital-land.github.io/brownfield-land/local-authority-eng/WEW/Hat139a
/brownfield-land/local-authority-eng/WEW/Hat139b,Hatfield - 36 Salisbury Square (Ground Floor Conversion),Hat139b,Hat139b,https://digital-land.github.io/brownfield-land/local-authority-eng/WEW/Hat139b
,,,,
/brownfield-land/local-authority-eng/WEW/WGC131a,"Welwyn Garden City - Stonehills House, Stonehills (Conversion)",WGC131a,WGC131a,https://digital-land.github.io/brownfield-land/local-authority-eng/WEW/WGC131a
/brownfield-land/local-authority-eng/WEW/WGC131b,Welwyn Garden City - Stonehills House Stonehills (Additional units),WGC131b,WGC131b,https://digital-land.github.io/brownfield-land/local-authority-eng/WEW/WGC131b
,,,,
/brownfield-land/local-authority-eng/WEW/WGC138a,Welwyn Garden City - Fountain House Howardsgate (Office to residential conversion),WGC138a,WGC138a,https://digital-land.github.io/brownfield-land/local-authority-eng/WEW/WGC138a
/brownfield-land/local-authority-eng/WEW/WGC138b,Welwyn Garden City - Fountain House Howardsgate (Extension),WGC138b,WGC138b,https://digital-land.github.io/brownfield-land/local-authority-eng/WEW/WGC138b
,,,,
/brownfield-land/local-authority-eng/WFT/180620,80-86 St Mary Road,180620,180620,https://digital-land.github.io/brownfield-land/local-authority-eng/WFT/180620
/brownfield-land/local-authority-eng/WFT/180621,Central House 189-203 Hoe Street,180621,180621,https://digital-land.github.io/brownfield-land/local-authority-eng/WFT/180621
/brownfield-land/local-authority-eng/WFT/183632,Central House 189-203 Hoe Street,183632,183632,https://digital-land.github.io/brownfield-land/local-authority-eng/WFT/183632
,,,,
/brownfield-land/local-authority-eng/WIL/18-08076-FUL,301 Hungerdown Lane Chippenham,18/08076/FUL,18/08076/FUL,https://digital-land.github.io/brownfield-land/local-authority-eng/WIL/18-08076-FUL
/brownfield-land/local-authority-eng/WIL/N16-3769,"Part 1st floor, 301-5 Hungerdown Lane, Chippenham",N16.3769,N16.3769,https://digital-land.github.io/brownfield-land/local-authority-eng/WIL/N16-3769
,,,,
/brownfield-land/local-authority-eng/WLV/35830,Land Rear Of Bird In Hand Public House Thorneycroft Lane Wolverhampton West Midlands WV10 0NF,35830,35830,https://digital-land.github.io/brownfield-land/local-authority-eng/WLV/35830
/brownfield-land/local-authority-eng/WLV/37630,Bird In Hand Public House Thorneycroft Lane Wolverhampton WV10 0NF,37630,37630,https://digital-land.github.io/brownfield-land/local-authority-eng/WLV/37630
,,,,
/brownfield-land/local-authority-eng/WLV/35860,8 - 10 Compton Road Wolverhampton West Midlands WV3 9PH,35860,35860,https://digital-land.github.io/brownfield-land/local-authority-eng/WLV/35860
/brownfield-land/local-authority-eng/WLV/40870,6 Compton Road Wolverhampton West Midlands WV3 9PH,40870,40870,https://digital-land.github.io/brownfield-land/local-authority-eng/WLV/40870
,,,,
/brownfield-land/local-authority-eng/WLV/36010,18 Chapel Ash Wolverhampton West Midlands WV3 0TN,36010,36010,https://digital-land.github.io/brownfield-land/local-authority-eng/WLV/36010
/brownfield-land/local-authority-eng/WLV/39670,Cafe Rickshaw 20 Chapel Ash Wolverhampton West Midlands WV3 0TN,39670,39670,https://digital-land.github.io/brownfield-land/local-authority-eng/WLV/39670
,,,,
/brownfield-land/local-authority-eng/WLV/36740,"Heath Town Estate Masterplan (excl East of Qualcast Rd, Fmr Duke of York PH)",36740,36740,https://digital-land.github.io/brownfield-land/local-authority-eng/WLV/36740
/brownfield-land/local-authority-eng/WLV/36741,Heath Town Estate Masterplan Phase 1: HRA1/HRA2/HRA3 Hobgate Road & HRA6 Tithe Court,36741,36741,https://digital-land.github.io/brownfield-land/local-authority-eng/WLV/36741
/brownfield-land/local-authority-eng/WLV/36742,Heath Town Estate Masterplan - HRA4/HRA5 Chervil Rise,36742,36742,https://digital-land.github.io/brownfield-land/local-authority-eng/WLV/36742
/brownfield-land/local-authority-eng/WLV/36743,Heath Town Estate Masterplan - HRA7 Long Ley,36743,36743,https://digital-land.github.io/brownfield-land/local-authority-eng/WLV/36743
/brownfield-land/local-authority-eng/WLV/36744,Heath Town Estate Masterplan - HRA9 Tremont Street,36744,36744,https://digital-land.github.io/brownfield-land/local-authority-eng/WLV/36744
/brownfield-land/local-authority-eng/WLV/36745,Heath Town Estate Masterplan - HRA10 Inkerman Street (community housing),36745,36745,https://digital-land.github.io/brownfield-land/local-authority-eng/WLV/36745
/brownfield-land/local-authority-eng/WLV/36746,Heath Town Estate Masterplan - WVL1 Tremont Street,36746,36746,https://digital-land.github.io/brownfield-land/local-authority-eng/WLV/36746
/brownfield-land/local-authority-eng/WLV/36747,Heath Town Estate Masterplan - WVL2/WVL3 - Inkerman Street,36747,36747,https://digital-land.github.io/brownfield-land/local-authority-eng/WLV/36747
/brownfield-land/local-authority-eng/WLV/36748,Heath Town Estate Masterplan - WVL4/WVL5/WVL6 Chervil Rise,36748,36748,https://digital-land.github.io/brownfield-land/local-authority-eng/WLV/36748
/brownfield-land/local-authority-eng/WLV/36749,Heath Town Estate Masterplan - WVL 7 Long Ley,36749,36749,https://digital-land.github.io/brownfield-land/local-authority-eng/WLV/36749
,,,,
/brownfield-land/local-authority-eng/WLV/38170,63 Gorsebrook Road Wolverhampton West Midlands WV6 0PD,38170,38170,https://digital-land.github.io/brownfield-land/local-authority-eng/WLV/38170
/brownfield-land/local-authority-eng/WLV/38330,65 Gorsebrook Road Wolverhampton West Midlands WV6 0PD,38330,38330,https://digital-land.github.io/brownfield-land/local-authority-eng/WLV/38330
,,,,
/brownfield-land/local-authority-eng/WLV/38751,"Samson And Lion (buildings), Newbolt Road WV14 7NP",38751,38751,https://digital-land.github.io/brownfield-land/local-authority-eng/WLV/38751
/brownfield-land/local-authority-eng/WLV/38752,"Samson And Lion (land), Newbolt Road Wolverhampton West Midlands WV14 7NP",38752,38752,https://digital-land.github.io/brownfield-land/local-authority-eng/WLV/38752
,,,,
/brownfield-land/local-authority-eng/WLV/39230,Medical Massage 37 Thornley Street Wolverhampton West Midlands WV1 1JP,39230,39230,https://digital-land.github.io/brownfield-land/local-authority-eng/WLV/39230
/brownfield-land/local-authority-eng/WLV/39940,Central Taxis 38 Thornley Street Wolverhampton West Midlands WV1 1JP,39940,39940,https://digital-land.github.io/brownfield-land/local-authority-eng/WLV/39940
,,,,
/brownfield-land/local-authority-eng/WLV/39370,"Chetton Green District Office, 134-137 Chetton Green, WV10 6ER",39370,39370,https://digital-land.github.io/brownfield-land/local-authority-eng/WLV/39370
/brownfield-land/local-authority-eng/WLV/D34,Chetton Green (caretakers office),D34,D34,https://digital-land.github.io/brownfield-land/local-authority-eng/WLV/D34
,,,,
/brownfield-land/local-authority-eng/WLV/39410,Garages 64-65 Fairway Green (Site A),39410,39410,https://digital-land.github.io/brownfield-land/local-authority-eng/WLV/39410
/brownfield-land/local-authority-eng/WLV/D57,Fairway Green Site A,D57,D57,https://digital-land.github.io/brownfield-land/local-authority-eng/WLV/D57
,,,,
/brownfield-land/local-authority-eng/WLV/39420,Land rear 56-58 Peach Road,39420,39420,https://digital-land.github.io/brownfield-land/local-authority-eng/WLV/39420
/brownfield-land/local-authority-eng/WLV/D43,52-72 Peach Road,D43,D43,https://digital-land.github.io/brownfield-land/local-authority-eng/WLV/D43
,,,,
/brownfield-land/local-authority-eng/WLV/40510,"Land SW of 30 Howland Close, Wolverhampton",40510,40510,https://digital-land.github.io/brownfield-land/local-authority-eng/WLV/40510
/brownfield-land/local-authority-eng/WLV/40520,"Garage site rear of 42-58 Hackett Close, Wolverhampton",40520,40520,https://digital-land.github.io/brownfield-land/local-authority-eng/WLV/40520
,,,,
/brownfield-land/local-authority-eng/WLV/40540,119 Newbolds Road Wolverhampton West Midlands WV10 0SE,40540,40540,https://digital-land.github.io/brownfield-land/local-authority-eng/WLV/40540
/brownfield-land/local-authority-eng/WLV/40550,121 Newbolds Road Wolverhampton West Midlands WV10 0SE,40550,40550,https://digital-land.github.io/brownfield-land/local-authority-eng/WLV/40550
,,,,
/brownfield-land/local-authority-eng/WND/WBR-17-0091,186-188 Balham High Road,WBR/17/0091,WBR/17/0091,https://digital-land.github.io/brownfield-land/local-authority-eng/WND/WBR-17-0091
/brownfield-land/local-authority-eng/WND/WBR-18-0012,"Upper floors, 182 Balham High Road",WBR/18/0012,WBR/18/0012,https://digital-land.github.io/brownfield-land/local-authority-eng/WND/WBR-18-0012
,,,,
/brownfield-land/local-authority-eng/WND/WBR-19-0024,33-35 St Johns Road,WBR/19/0024,WBR/19/0024,https://digital-land.github.io/brownfield-land/local-authority-eng/WND/WBR-19-0024
/brownfield-land/local-authority-eng/WND/WBR-20-0012,37-39 St Johns Road,WBR/20/0012,WBR/20/0012,https://digital-land.github.io/brownfield-land/local-authority-eng/WND/WBR-20-0012
,,,,
/brownfield-land/local-authority-eng/WOI/BLR2019002,"101-107 Chertsey Road, Woking, GU21 5BW",BLR2019002,BLR2019002,https://digital-land.github.io/brownfield-land/local-authority-eng/WOI/BLR2019002
/brownfield-land/local-authority-eng/WOI/SHLAACAN035,"Chester House, 76-78 Chertsey Road, Woking, GU21 5BJ",SHLAACAN035,SHLAACAN035,https://digital-land.github.io/brownfield-land/local-authority-eng/WOI/SHLAACAN035
,,,,
/brownfield-land/local-authority-eng/WOI/BLR2019003,"The Crescent, Heathside Crescent, Woking, GU22 7AG",BLR2019003,BLR2019003,https://digital-land.github.io/brownfield-land/local-authority-eng/WOI/BLR2019003
/brownfield-land/local-authority-eng/WOI/BLR2020004,"St Dunstans Phase 3, The Crescent and Somerset House, Oriental Road, GU22 7AA",BLR2020004,BLR2020004,https://digital-land.github.io/brownfield-land/local-authority-eng/WOI/BLR2020004
/brownfield-land/local-authority-eng/WOI/SHLAAMHM012,"Somerset House, 1-18 Oriental Road, Woking GU22 7BG",SHLAAMHM012,SHLAAMHM012,https://digital-land.github.io/brownfield-land/local-authority-eng/WOI/SHLAAMHM012
,,,,
/brownfield-land/local-authority-eng/WOI/BLR2020003,"Church Gate and Premier House, 9-11 and 15-19 Church Street West, GU21 6DJ",BLR2020003,BLR2020003,https://digital-land.github.io/brownfield-land/local-authority-eng/WOI/BLR2020003
/brownfield-land/local-authority-eng/WOI/SHLAACAN039,"Church Gate, 9 -11 Church Street West, Woking, GU21 6DJ",SHLAACAN039,SHLAACAN039,https://digital-land.github.io/brownfield-land/local-authority-eng/WOI/SHLAACAN039
,,,,
/brownfield-land/local-authority-eng/WOI/BLR2020005,"Goldsworth Road, GU21 6JT",BLR2020005,BLR2020005,https://digital-land.github.io/brownfield-land/local-authority-eng/WOI/BLR2020005
/brownfield-land/local-authority-eng/WOI/SHLAACAN027,"30-32 Woking Railway and Athletic Club, Systems House, Bridge House, Goldsworth Road, Woking, GU21 6JT",SHLAACAN027,SHLAACAN027,https://digital-land.github.io/brownfield-land/local-authority-eng/WOI/SHLAACAN027
,,,,
/brownfield-land/local-authority-eng/WOI/BLR2020008,"Police Station and Coroners Court, Station Approach, GU22 7YL",BLR2020008,BLR2020008,https://digital-land.github.io/brownfield-land/local-authority-eng/WOI/BLR2020008
/brownfield-land/local-authority-eng/WOI/SHLAAMHM002,"Woking Police Station, Station Approach, Woking, GU21 7SY",SHLAAMHM002,SHLAAMHM002,https://digital-land.github.io/brownfield-land/local-authority-eng/WOI/SHLAAMHM002
/brownfield-land/local-authority-eng/WOI/SHLAAMHM010,"Coroners Court (former Woking Magistrate's Court) Station Approach, Woking GU22 7YL",SHLAAMHM010,SHLAAMHM010,https://digital-land.github.io/brownfield-land/local-authority-eng/WOI/SHLAAMHM010
,,,,
/brownfield-land/local-authority-eng/WOI/BLR2020015,"Hallmark House, 10-12 St Johns Road, St Johns, Woking, Surrey, GU21 7SE",BLR2020015,BLR2020015,https://digital-land.github.io/brownfield-land/local-authority-eng/WOI/BLR2020015
/brownfield-land/local-authority-eng/WOI/NSHLAASJT001,"Edbrooke House, 11-13 St John's Road, St John's, GU21 7SE",NSHLAASJT001,NSHLAASJT001,https://digital-land.github.io/brownfield-land/local-authority-eng/WOI/NSHLAASJT001
/brownfield-land/local-authority-eng/WOI/SHLAASTJ009,"The Print Works, St Johns Lye, Woking, GU21 7RS",SHLAASTJ009,SHLAASTJ009,https://digital-land.github.io/brownfield-land/local-authority-eng/WOI/SHLAASTJ009
,,,,
/brownfield-land/local-authority-eng/WOI/BLR2020016,"21-25 Church Street West, Woking, GU21 6DJ",BLR2020016,BLR2020016,https://digital-land.github.io/brownfield-land/local-authority-eng/WOI/BLR2020016
/brownfield-land/local-authority-eng/WOI/SHLAACAN041,"Premier House, 15-19 Church Street West, Woking, GU21 6DJ",SHLAACAN041,SHLAACAN041,https://digital-land.github.io/brownfield-land/local-authority-eng/WOI/SHLAACAN041
,,,,
/brownfield-land/local-authority-eng/WOI/BLR2020017,"12-16, 25-31 Portugal Road And, Lok N Store Marlborough Road, Woking, Surrey, GU21 5JE",BLR2020017,BLR2020017,https://digital-land.github.io/brownfield-land/local-authority-eng/WOI/BLR2020017
/brownfield-land/local-authority-eng/WOI/SHLAACAN015,"33-35 Portugal Road, Woking, GU21 5JE",SHLAACAN015,SHLAACAN015,https://digital-land.github.io/brownfield-land/local-authority-eng/WOI/SHLAACAN015
,,,,
/brownfield-land/local-authority-eng/WOI/SHLAABWB022,"Land at Station Approach, West Byfleet KT14 6NG",SHLAABWB022,SHLAABWB022,https://digital-land.github.io/brownfield-land/local-authority-eng/WOI/SHLAABWB022
/brownfield-land/local-authority-eng/WOI/SHLAABWB025,"1, 3, 5, 7, 9, 11, 13 and 15, Old Woking Road, West Byfleet, KT14 6LW",SHLAABWB025,SHLAABWB025,https://digital-land.github.io/brownfield-land/local-authority-eng/WOI/SHLAABWB025
,,,,
/brownfield-land/local-authority-eng/WOI/SHLAACAN017,"Walton Road Youth Centre, Walton Road, Woking GU21 5DL",SHLAACAN017,SHLAACAN017,https://digital-land.github.io/brownfield-land/local-authority-eng/WOI/SHLAACAN017
/brownfield-land/local-authority-eng/WOI/SHLAACAN018,"29-31 Walton Road, Woking, GU21 5DL",SHLAACAN018,SHLAACAN018,https://digital-land.github.io/brownfield-land/local-authority-eng/WOI/SHLAACAN018
,,,,
/brownfield-land/local-authority-eng/WOI/SHLAAHOE006,"Land adj. to 134 High Street, Old Woking GU22 9JN",SHLAAHOE006,SHLAAHOE006,https://digital-land.github.io/brownfield-land/local-authority-eng/WOI/SHLAAHOE006
/brownfield-land/local-authority-eng/WOI/SHLAAHOE12,"Grosvenor Court, Hipley Street, Old Woking GU22 9LP",SHLAAHOE12,SHLAAHOE12,https://digital-land.github.io/brownfield-land/local-authority-eng/WOI/SHLAAHOE12
,,,,
/brownfield-land/local-authority-eng/WOI/SHLAAHOE13,"London House, 134, High Street, Old Woking, GU22 9JN",SHLAAHOE13,SHLAAHOE13,https://digital-land.github.io/brownfield-land/local-authority-eng/WOI/SHLAAHOE13
/brownfield-land/local-authority-eng/WOI/SHLAAHOE14,"The Old Brew House, 130 - 132, High Street, Old Woking, GU22 9JN",SHLAAHOE14,SHLAAHOE14,https://digital-land.github.io/brownfield-land/local-authority-eng/WOI/SHLAAHOE14
,,,,
/brownfield-land/local-authority-eng/WOK/BR063,Nigra Building Mulberry Business Park Fishponds Road RG41 2GY,BR063,BR063,https://digital-land.github.io/brownfield-land/local-authority-eng/WOK/BR063
/brownfield-land/local-authority-eng/WOK/BR069,Nigra Building (Roof Space) Mulberry Business Park Fishponds Road Wokingham RG41 2GY .,BR069,BR069,https://digital-land.github.io/brownfield-land/local-authority-eng/WOK/BR069
,,,,
/brownfield-land/local-authority-eng/WSM/17-06677-FULL,Esca House,17/06677/FULL,17/06677/FULL,https://digital-land.github.io/brownfield-land/local-authority-eng/WSM/17-06677-FULL
/brownfield-land/local-authority-eng/WSM/19-01814-P3JPA,32 Palace Court London W2 4HZ,19/01814/P3JPA,19/01814/P3JPA,https://digital-land.github.io/brownfield-land/local-authority-eng/WSM/19-01814-P3JPA
/brownfield-land/local-authority-eng/WSM/20-04146-P3JPA,34 Palace Court London W2 4HZ,20/04146/P3JPA,20/04146/P3JPA,https://digital-land.github.io/brownfield-land/local-authority-eng/WSM/20-04146-P3JPA
,,,,
/brownfield-land/national-park-authority/Q20198711/SDB020,"Land at Former ambulance HQ, Friars Walk, Lewes BN7 2XW",SDB020,SDB020,https://digital-land.github.io/brownfield-land/national-park-authority/Q20198711/SDB020
/brownfield-land/national-park-authority/Q20198711/SDB031,"40-42 Friars Walk, Lewes East Sussex BN7 2XW",SDB031,SDB031,https://digital-land.github.io/brownfield-land/national-park-authority/Q20198711/SDB031
,,,,